name,artists,album_name,date,song_id,cover_url,playlist,position,commit_date
Una Vida Pasada,"Camilo, Carin Leon",cuatro,2024-05-23,2mLTxNa0bwZX8eNBsuODLX,https://i.scdn.co/image/ab67616d0000b2737006456f86dfcbae0b9f0ff9,CamiloRadio,4,2024-06-21
Viva tu,Manu Chao,Viva tu,2024-05-29,5bTIYle84tcBo14n4fWSTb,https://i.scdn.co/image/ab67616d0000b273bee9a387cd01679211767fb7,LatinDinner,4,2024-06-21
Call Me,"Maluma, Blessd",1 OF 1,2024-06-06,0VaOGXNtoYUf1vAXM0X9ST,https://i.scdn.co/image/ab67616d0000b273d5f659ff19cf62a70e1c3519,ThisIsMaluma,2,2024-06-21
HOLA PERDIDA REMIX,"Luck Ra, Maluma, KHEA",HOLA PERDIDA REMIX,2024-05-31,2FqTbwiogEVvZnkarPf5BV,https://i.scdn.co/image/ab67616d0000b273a25c38ea15816d466f228c99,ThisIsMaluma,7,2024-06-21
Oe Bebé,"Blessd, Maluma",Oe Bebé,2024-06-05,57pj5sOWSCAqZm088LMcE4,https://i.scdn.co/image/ab67616d0000b27309f505fac1daa3b80551310e,ThisIsMaluma,15,2024-06-21
wish i was a robot,LØLØ,falling for robots & wishing i was one,2024-06-07,4tnGc7m25Bnr4OahPYOLGn,https://i.scdn.co/image/ab67616d0000b27388f2cd6e78e379ef69c08a5c,PopRock,1,2024-06-21
Death Grip,"Andrew McMahon in the Wilderness, Something Corporate",Death Grip,2024-06-20,6uU6HSA2QLqNy6OIyaCbkb,https://i.scdn.co/image/ab67616d0000b273321a74e46b1f1e3c1374156d,PopRock,5,2024-06-21
Caught It,"VOILÀ, Chrissy Costanza, Against The Current",Caught It (with Chrissy Costanza & Against The Current),2024-05-31,7qTc7bfYZYwFNWSDzNBmHr,https://i.scdn.co/image/ab67616d0000b273c1fb43abb93ad5acab785a79,PopRock,9,2024-06-21
Other Side (feat. Charlotte Sands),"MisterWives, Charlotte Sands",Other Side (feat. Charlotte Sands),2024-06-07,23aw0goM4v4fmIzA8AaBgo,https://i.scdn.co/image/ab67616d0000b2738d5956741baf36e3663b0118,PopRock,11,2024-06-21
American Spirit,Royal & the Serpent,RAT TRAP 5: the beginning,2024-06-07,6Z2xgzZlxrVVTmyjofoq0c,https://i.scdn.co/image/ab67616d0000b273a9a16f38fdf5fe57a04e5ee7,PopRock,12,2024-06-21
2016 CAVALIERS (Ohio) (feat. Knox),"Bilmuri, Knox",2016 CAVALIERS (Ohio) (feat. Knox),2024-06-21,4hothXhcXn6OmMXmN9A2cU,https://i.scdn.co/image/ab67616d0000b2732dcd00976ec12782c6ee7f81,PopRock,14,2024-06-21
Recipe For Disaster,Honey Revenge,Recipe For Disaster,2024-05-24,4S3CGPuEmleAmk36HLa5Lj,https://i.scdn.co/image/ab67616d0000b273e2b5d552ae71601e6a50e508,PopRock,15,2024-06-21
All My Life,"Falling In Reverse, Jelly Roll",All My Life,2024-06-06,2p5LjvjZlMSxxwNUtDyG5x,https://i.scdn.co/image/ab67616d0000b27340351f503067a14ce675e074,PopRock,16,2024-06-21
Just a Little Bit,robbietheused,Just a Little Bit,2024-05-31,28nwrXJzVjgP6O8TtpEc0S,https://i.scdn.co/image/ab67616d0000b2731f30c014c06b193597ffebd7,PopRock,18,2024-06-21
Lightning and Thunder,Marianas Trench,Lightning and Thunder,2024-05-24,01IQy9o6fgtw7ZCThALXgn,https://i.scdn.co/image/ab67616d0000b273c24aca49bd6f7af8846efea6,PopRock,19,2024-06-21
New Way Out,Poppy,New Way Out,2024-06-04,7rQeehJRFCNTwqDffP8c5t,https://i.scdn.co/image/ab67616d0000b2731bde4a7bb21c87f3418c2c3d,RockThis,1,2024-06-21
breakdown.,YUNGBLUD,breakdown.,2024-06-21,3a4PdwwaddhYbZnp0lxqyz,https://i.scdn.co/image/ab67616d0000b2734a47ccda97f42eef09ac9b4e,RockThis,2,2024-06-21
Top 10 staTues tHat CriEd bloOd,Bring Me The Horizon,POST HUMAN: NeX GEn,2024-05-24,7g4hIeYVk3h5qQXb9RLeXP,https://i.scdn.co/image/ab67616d0000b273e00a0b0e1c3ecb926603ec43,RockThis,4,2024-06-21
Vertigo,Beach Bunny,Vertigo,2024-06-17,7q32daOSf12k8WynvXBcyh,https://i.scdn.co/image/ab67616d0000b273132542e8caf83e671212fbfa,RockThis,14,2024-06-21
Mood Swings - Spotify Singles,IDLES,Spotify Singles,2024-06-12,0AYOV3i35BkGFHBwZTKDl2,https://i.scdn.co/image/ab67616d0000b273531501f9ae9c84e06545a718,RockThis,18,2024-06-21
Perfume,Pale Waves,Perfume,2024-06-12,5CBZHzvgJ7bOB9WPWmWbwq,https://i.scdn.co/image/ab67616d0000b273da2846f473d008ad2d1e1205,RockThis,19,2024-06-21
Sink Ya Teeth,The Mysterines,Afraid of Tomorrows,2024-06-21,0ABr9J6PURfUMOGwP8LI3h,https://i.scdn.co/image/ab67616d0000b273eaf402f0190078641baccec0,RockThis,23,2024-06-21
Everything and Nothing,SOFT PLAY,Everything and Nothing,2024-06-03,7j0ERJhSb6kFFeAiDl1QBf,https://i.scdn.co/image/ab67616d0000b273eaff21f69fe6550436d6f488,RockThis,26,2024-06-21
La Boda,Camilo,cuatro,2024-05-23,4vj6sWvmBLMhoF8AWQSeHX,https://i.scdn.co/image/ab67616d0000b2737006456f86dfcbae0b9f0ff9,ThisIsCamilo,1,2024-06-21
Una Canción de Amor para La Pulga,Camilo,cuatro,2024-05-23,773PYkiPCYQOYIXeaROEyv,https://i.scdn.co/image/ab67616d0000b2737006456f86dfcbae0b9f0ff9,ThisIsCamilo,29,2024-06-21
Torii,Jhayco,Torii,2024-05-31,0yROknHyvAJ57hZLpxNHry,https://i.scdn.co/image/ab67616d0000b27307bd0c238e48a4099d5b9628,ThisIsJhayCortez,2,2024-06-21
Nice to Meet You,Imagine Dragons,Nice to Meet You,2024-05-24,7sxb5C2mE0l5xfSL9M2hxQ,https://i.scdn.co/image/ab67616d0000b2731d060976af0e642e97db3b2b,ItsAllGood,12,2024-06-21
Oldies Station,Twenty One Pilots,Clancy,2024-05-24,7dI0mSvbdJTynUnEkWIom1,https://i.scdn.co/image/ab67616d0000b2739cf15c7323fb85b7112197d5,ItsAllGood,19,2024-06-21
SORRY 4 THAT MUCH,Feid,SORRY 4 THAT MUCH,2024-06-07,63pLfjK6FvcYJYMGwtHjd6,https://i.scdn.co/image/ab67616d0000b273746cdeef8d4a4110f1b5af29,ExitosColombia,1,2024-06-21
Chismofilia,Luis Alfonso,Chismofilia,2024-06-05,0323rphB8wdBL4riIlKt0G,https://i.scdn.co/image/ab67616d0000b2732f2654922971605599e8977c,ExitosColombia,6,2024-06-21
REAL GANGSTA LOVE,Trueno,EL ÚLTIMO BAILE,2024-05-23,1pymWRCuZfCd0zdiBJo0Hj,https://i.scdn.co/image/ab67616d0000b27368a450f7bcdc187e20f0ba0a,ExitosColombia,10,2024-06-21
Oe Bebé,"Blessd, Maluma",Oe Bebé,2024-06-05,57pj5sOWSCAqZm088LMcE4,https://i.scdn.co/image/ab67616d0000b27309f505fac1daa3b80551310e,ExitosColombia,13,2024-06-21
Una Vida Pasada,"Camilo, Carin Leon",cuatro,2024-05-23,2mLTxNa0bwZX8eNBsuODLX,https://i.scdn.co/image/ab67616d0000b2737006456f86dfcbae0b9f0ff9,ExitosColombia,22,2024-06-21
BLUE,"Gabriela Bee, Powfu",BLUE,2024-05-31,6kF1F75VCOHGQoJV7j5pAf,https://i.scdn.co/image/ab67616d0000b27367317d4b12a9374fe0a1b0e1,CafeCroissant,1,2024-06-21
Cinnamon Curls,Tom Misch,Cinnamon Curls,2024-06-13,4GSEf95lL4csXQlT2RGfOe,https://i.scdn.co/image/ab67616d0000b273c6a3c056c4510aa60bc5e794,CafeCroissant,2,2024-06-21
Airplane Window,Peach Tree Rascals,Airplane Window,2024-05-24,1d6sisPRhkmyqqZydPUIwy,https://i.scdn.co/image/ab67616d0000b273ee94201766adc781acb0bdc7,CafeCroissant,4,2024-06-21
Girl In The Orchestra,HONNE,Girl In The Orchestra,2024-06-14,12l9XTMK21GZbjszAFlTo2,https://i.scdn.co/image/ab67616d0000b273866f7cf3d56e308be956b9f6,CafeCroissant,5,2024-06-21
Black Lion Lane,Emilíana Torrini,Black Lion Lane,2024-05-24,3QTQRHqSTHk8fXMHhHHNFa,https://i.scdn.co/image/ab67616d0000b27370888b916faa870bb7e42812,CafeCroissant,6,2024-06-21
Vintage,Moses Sumney,Vintage,2024-06-05,0EQt3hJTjy2dYuxZp3cqo9,https://i.scdn.co/image/ab67616d0000b27381bf4b8f1d9f17fcbfd1a0af,CafeCroissant,8,2024-06-21
Home,"Godwin, KITSCHKRIEG",Home - A COLORS SHOW,2024-06-06,37DkD7AlTuPQIh97hO8hVI,https://i.scdn.co/image/ab67616d0000b273a2c0c44bf86e9905adb9d13e,CafeCroissant,12,2024-06-21
In My Imagination,Devin Kennedy,In My Imagination,2024-06-13,0f5My552DeGLhVrDWWKpIE,https://i.scdn.co/image/ab67616d0000b273e58c196c1213afe158f8d84d,CafeCroissant,15,2024-06-21
Better Together,"Waxx, Aliocha Schneider",Étincelle,2024-05-24,3qObcFmsVgBYlPBC0PEKuI,https://i.scdn.co/image/ab67616d0000b273fa2e1cc6da0b7665f50973f9,CafeCroissant,18,2024-06-21
Reminds Me of Us,"Violet Days, Davis Naish",Reminds Me of Us,2024-05-30,6CsCSKTczSZPLvryoKpoLT,https://i.scdn.co/image/ab67616d0000b2737ee29f884dec35c2ee79fd40,CafeCroissant,23,2024-06-21
Dime,"Aaron Frazer, Cancamusa",Dime,2024-06-05,0HDUQhPXnunzwvqAmDpznE,https://i.scdn.co/image/ab67616d0000b2731e5e1141aa37c2273cf2d97b,CafeCroissant,25,2024-06-21
HOLA PERDIDA REMIX,"Luck Ra, Maluma, KHEA",HOLA PERDIDA REMIX,2024-05-31,2FqTbwiogEVvZnkarPf5BV,https://i.scdn.co/image/ab67616d0000b273a25c38ea15816d466f228c99,MalumaRadio,19,2024-06-21
Without You (with HAYLA),"Kygo, HAYLA",Without You (with HAYLA),2024-05-31,5KW4qNLjWeh7rMbxCfg89N,https://i.scdn.co/image/ab67616d0000b27395e0464da2c2a21ed2ee8283,Mint,1,2024-06-21
girl$,Dom Dolla,girl$,2024-06-07,46N3FCKFABRjNoNBVq4osr,https://i.scdn.co/image/ab67616d0000b2735cd5b843862e954915c9bd23,Mint,2,2024-06-21
Life,"Jamie xx, Robyn",Life,2024-06-17,0sJMoIcWlkdSqnADm5Q2am,https://i.scdn.co/image/ab67616d0000b27307911ee73b239a1e724f8950,Mint,3,2024-06-21
"She’s Gone, Dance On",Disclosure,"She’s Gone, Dance On",2024-05-29,29I9dv9Nq704w0Oc5yFGsR,https://i.scdn.co/image/ab67616d0000b2730b6d4c43fe3e8485148e4872,Mint,4,2024-06-21
Move,"Adam Port, Stryv, Keinemusik, Orso, Malachiii",Move,2024-06-07,1BJJbSX6muJVF2AK7uH1x4,https://i.scdn.co/image/ab67616d0000b27317a013a00d0a33f3dd49974d,Mint,5,2024-06-21
LOOKING FOR JOY,Kaleena Zanders,LOOKING FOR JOY,2024-06-14,5EqfKJSbG8yQBicX9YRMKu,https://i.scdn.co/image/ab67616d0000b27366e09d9c88747a4bb3fc05a6,Mint,6,2024-06-21
Music is Better,RÜFÜS DU SOL,Music is Better,2024-06-21,2OnSedqUAqhCLZhCR4gjMw,https://i.scdn.co/image/ab67616d0000b27343d48edb723cabd523eef386,Mint,7,2024-06-21
places to be,"Fred again.., Anderson .Paak, CHIKA",places to be,2024-05-31,561pBFcFL2Pwb9HPO9tU8J,https://i.scdn.co/image/ab67616d0000b2731f51ec0adeeff5a6095b13cc,Mint,8,2024-06-21
Resonate (feat. Julia Church),"John Summit, Kaskade, Julia Church",Resonate (feat. Julia Church),2024-06-21,2pvQCbUnXHOpAcJOkgAYmZ,https://i.scdn.co/image/ab67616d0000b273eaaf9e8a23ee3fe3d9effbd7,Mint,10,2024-06-21
Push,"Skrillex, Hamdi, TAICHU, OFFAIAH, contra",Push,2024-05-24,29OFLlrrfKIEVwbVMTjBYe,https://i.scdn.co/image/ab67616d0000b273f239a45be61917fd61898241,Mint,11,2024-06-21
Back To One,Peggy Gou,I Hear You,2024-06-07,1kOg8OXkYhsoaCuDppNyxF,https://i.scdn.co/image/ab67616d0000b273b58857b06c0d9ebf76458dc1,Mint,12,2024-06-21
Lioness,"Swedish House Mafia, Niki & The Dove",Lioness,2024-06-07,73rh3AJNXQl8iMWgWRrQTR,https://i.scdn.co/image/ab67616d0000b2732910ba339ea76aa6321dbee5,Mint,13,2024-06-21
Girls,"TSHA, Rose Gray",Girls,2024-06-17,5XWwqKNVlQO07sdngDh8iL,https://i.scdn.co/image/ab67616d0000b2736b44db3134a69e6100f33814,Mint,14,2024-06-21
HEAT,"Tove Lo, SG Lewis",HEAT,2024-06-14,3Du9k9oZz7DJCMZviju2lD,https://i.scdn.co/image/ab67616d0000b2737de2b9727e4016ab9ddbe4d5,Mint,15,2024-06-21
How You Move - Edit,Charlotte de Witte,How You Move,2024-06-20,1biKqdOsiIo2JekJ8UPX1x,https://i.scdn.co/image/ab67616d0000b27396252fc1e3e4ab0baaf7e4ed,Mint,18,2024-06-21
Wherever You Are,"Martin Garrix, DubVision, Shaun Farrugia",Wherever You Are,2024-06-07,4s5kizLw0McJRd4rBG06B4,https://i.scdn.co/image/ab67616d0000b27397b272513140a44ec5d7c3c6,Mint,20,2024-06-21
Drip Sweat (feat. Channel Tres),"KAYTRANADA, Channel Tres",Drip Sweat (feat. Channel Tres),2024-06-04,4r7e8yV4Xem3iC4hkkI4Hn,https://i.scdn.co/image/ab67616d0000b273857ae6b278a7334c5d478147,Mint,22,2024-06-21
Ton regard,Joseph Kamel,Ton regard,2024-05-31,4FrlgpyAzw4a3gErecQqUO,https://i.scdn.co/image/ab67616d0000b273b55f640800f91ee4bd7ea33b,GrandHit,2,2024-06-21
Le chant des cygnes - Single Version,Indochine,Le chant des cygnes,2024-06-14,76cAQOMWaqiRAoi6SgggNo,https://i.scdn.co/image/ab67616d0000b273bf08215e73b3c2af6a01958c,GrandHit,5,2024-06-21
Résister (What about Peace?),Slimane,Résister (What about Peace?),2024-06-13,46fePeAZ2ui3QHDoGxpDMx,https://i.scdn.co/image/ab67616d0000b273a1490df89d148149f99a1999,GrandHit,19,2024-06-21
Si Antes Te Hubiera Conocido,KAROL G,Si Antes Te Hubiera Conocido,2024-06-21,6WatFBLVB0x077xWeoVc2k,https://i.scdn.co/image/ab67616d0000b273491678beaffcefac517a699e,VivaLatino,2,2024-06-21
VINO TINTO,"Peso Pluma, Natanael Cano, Gabito Ballesteros",ÉXODO,2024-06-20,5UHK1rtK4MpBGb0KppIYh4,https://i.scdn.co/image/ab67616d0000b2732690127e1d6cd0aa35cc353b,VivaLatino,4,2024-06-21
REAL GANGSTA LOVE,Trueno,EL ÚLTIMO BAILE,2024-05-23,1pymWRCuZfCd0zdiBJo0Hj,https://i.scdn.co/image/ab67616d0000b27368a450f7bcdc187e20f0ba0a,VivaLatino,5,2024-06-21
SI NO ES CONTIGO,Cris Mj,SI NO ES CONTIGO,2024-05-23,5Uptvz6j1sjDKxidAcnH2L,https://i.scdn.co/image/ab67616d0000b273b5a456d85aa63ef612e73edb,VivaLatino,6,2024-06-21
Tengo Un Plan - Remix,"Key-Key, Ozuna",Tengo Un Plan (Remix),2024-06-13,6SJ01hvFkBLTUnkLyZ72G5,https://i.scdn.co/image/ab67616d0000b273e365e6b7c6ccb1e8b8001046,VivaLatino,7,2024-06-21
SORRY 4 THAT MUCH,Feid,SORRY 4 THAT MUCH,2024-06-07,63pLfjK6FvcYJYMGwtHjd6,https://i.scdn.co/image/ab67616d0000b273746cdeef8d4a4110f1b5af29,VivaLatino,8,2024-06-21
Contrato,Maluma,Contrato,2024-06-20,4LccwPrd0k6ROyl5oKyjHG,https://i.scdn.co/image/ab67616d0000b273bbe89df60f8afc9378b5ec43,VivaLatino,10,2024-06-21
YCQVM,"Nueva H, Natanael Cano",YCQVM,2024-06-12,71bGl0FoaBGHNT0CGhVOs1,https://i.scdn.co/image/ab67616d0000b273279af7c926a135688fab2007,VivaLatino,12,2024-06-21
HOLA PERDIDA REMIX,"Luck Ra, Maluma, KHEA",HOLA PERDIDA REMIX,2024-05-31,2FqTbwiogEVvZnkarPf5BV,https://i.scdn.co/image/ab67616d0000b273a25c38ea15816d466f228c99,VivaLatino,14,2024-06-21
Maquillaje - Remix,"Renn, Myke Towers, Nio Garcia, Yexel",Maquillaje (feat. Yexel) [Remix],2024-05-30,1eMXh9WqMtnmeyZnig2NUA,https://i.scdn.co/image/ab67616d0000b273ec0e7f8b2d1bb8a194f644cc,VivaLatino,16,2024-06-21
Volver Al Futuro,"Oscar Maydon, Junior H",Volver Al Futuro,2024-05-30,33Nj9AdncSmHbCN3QeSZTL,https://i.scdn.co/image/ab67616d0000b27306116ae20d0a4c09d65c7d1d,VivaLatino,18,2024-06-21
Mi Morenita,"Grupo Marca Registrada, JPL",Mi Morenita,2024-05-24,4Xly6Wx7KtcJc739Y4myOt,https://i.scdn.co/image/ab67616d0000b2738948dcd2835bc25812cca985,VivaLatino,20,2024-06-21
Rapido (with Cris Mj),"Dei V, Cris Mj",Quién es Dei V?,2024-06-14,1emJPywtseFLmLCcPY92dW,https://i.scdn.co/image/ab67616d0000b273e4e2fa46f29fb191f699c409,VivaLatino,22,2024-06-21
El Beneficio De La Duda,Grupo Firme,El Beneficio De La Duda,2024-05-28,7xJ1scIZpc33lZ7HpcrjCY,https://i.scdn.co/image/ab67616d0000b2738632e4c5f46220a7ad2ff6bb,VivaLatino,25,2024-06-21
Despídase bien,Carin Leon,"Boca Chueca, Vol. 1",2024-05-30,1llaUCfG1g5WzKt6JafYyk,https://i.scdn.co/image/ab67616d0000b273b28b55cc0ac0ad1131ece780,VivaLatino,28,2024-06-21
SOY UN BAD BOY,"El Alfa, Luar La L, Jezzy",SOY UN BAD BOY,2024-06-05,0H62ltcrmOg1SJDKkZD95P,https://i.scdn.co/image/ab67616d0000b273a8d6193bd66b039f61fc4ea4,ThisIsElAlfa,2,2024-06-21
Dis-Le Moi,"Calema, Tayc",Dis-Le Moi,2024-06-21,62uQynm27mu2GH2RsTUh7v,https://i.scdn.co/image/ab67616d0000b273e947286adc69dd5652ec978e,FutursHits,2,2024-06-21
Nice to Meet You,Imagine Dragons,Nice to Meet You,2024-05-24,7sxb5C2mE0l5xfSL9M2hxQ,https://i.scdn.co/image/ab67616d0000b2731d060976af0e642e97db3b2b,FutursHits,3,2024-06-21
Please Please Please,Sabrina Carpenter,Please Please Please,2024-06-06,5N3hjp1WNayUPZrA8kJmJP,https://i.scdn.co/image/ab67616d0000b273de84adf0e48248ea2d769c3e,FutursHits,4,2024-06-21
People of the Sun,"Boris Way, LAWRENT",People of the Sun,2024-05-31,5GaXT2QZkhKyzovjKDwiyh,https://i.scdn.co/image/ab67616d0000b2731ead7163258942ed6c419602,FutursHits,6,2024-06-21
Ce soir (feat. Gazo),"Adèle Castillon, Gazo",Ce soir (feat. Gazo),2024-05-31,4wqbWYnwtHFg3nRxJ8hX09,https://i.scdn.co/image/ab67616d0000b273ef7f06123b1bb40d9298ed1f,FutursHits,7,2024-06-21
feelings don't lie,"Ofenbach, salem ilese",feelings don't lie,2024-05-24,3lqamRh4EILIDACnAbl35t,https://i.scdn.co/image/ab67616d0000b273cb2d2dba25daba49fbf4e482,FutursHits,10,2024-06-21
Lalla,"Kore, Hamza",Lalla,2024-05-24,1iM4agLs3G8ihIHEcWojcN,https://i.scdn.co/image/ab67616d0000b2737200ceffe12bd5bfa7e01d1c,FutursHits,11,2024-06-21
Résister (What about Peace?),Slimane,Résister (What about Peace?),2024-06-13,46fePeAZ2ui3QHDoGxpDMx,https://i.scdn.co/image/ab67616d0000b273a1490df89d148149f99a1999,FutursHits,13,2024-06-21
Ton regard,Joseph Kamel,Ton regard,2024-05-31,4FrlgpyAzw4a3gErecQqUO,https://i.scdn.co/image/ab67616d0000b273b55f640800f91ee4bd7ea33b,FutursHits,16,2024-06-21
Heaven,Sound Of Legend,Heaven,2024-06-07,01iYmkiwWzpDTxgoBHKqEy,https://i.scdn.co/image/ab67616d0000b27320f55568ab4265196099a346,FutursHits,21,2024-06-21
Houdini,Eminem,Houdini,2024-05-31,2HYFX63wP3otVIvopRS99Z,https://i.scdn.co/image/ab67616d0000b273810603c94c9246379604cf1a,FutursHits,25,2024-06-21
feelslikeimfallinginlove,Coldplay,feelslikeimfallinginlove,2024-06-21,1YsU8rW2u8z4F0pwOBQ4Ea,https://i.scdn.co/image/ab67616d0000b27390ac383add08fbff7286958c,ThisIsColdplay,1,2024-06-21
Healing (Shattered Heart),"Kygo, Jonas Brothers",KYGO,2024-06-21,5upoXNxaUFybIF8XfRAaDp,https://i.scdn.co/image/ab67616d0000b27343c39d57c55a3580766551c9,JustHits,2,2024-06-21
Multiply,Becky Hill,Multiply,2024-05-29,0d8qNWRwQafcOXAyw6FxiB,https://i.scdn.co/image/ab67616d0000b273bd5e91e620983e29c6dad476,JustHits,3,2024-06-21
Ask & You Shall Receive,Rita Ora,Ask & You Shall Receive,2024-05-31,4zB5pU3cwGiC6Fcz5qtfUe,https://i.scdn.co/image/ab67616d0000b27338422d96956475fcefa864bb,JustHits,6,2024-06-21
feelslikeimfallinginlove,Coldplay,feelslikeimfallinginlove,2024-06-21,1YsU8rW2u8z4F0pwOBQ4Ea,https://i.scdn.co/image/ab67616d0000b27390ac383add08fbff7286958c,JustHits,7,2024-06-21
OMG,Leigh-Anne,No Hard Feelings,2024-05-31,5EfJsHmAPhnzQB4L6wz5FT,https://i.scdn.co/image/ab67616d0000b2738f6202b155640549e17b51b9,JustHits,10,2024-06-21
"the boy is mine (with Brandy, Monica) - Remix","Ariana Grande, Brandy, Monica",the boy is mine (Remix),2024-06-21,52anJ914oylWdT3CytSMYF,https://i.scdn.co/image/ab67616d0000b27318912baab4301d09b31f7079,JustHits,12,2024-06-21
bad emotions,Henry Moodie,bad emotions,2024-06-21,2nbEuZBC0LzeRpU6b3P05m,https://i.scdn.co/image/ab67616d0000b273bf3833049e809d232f7f1805,JustHits,15,2024-06-21
Please Please Please,Sabrina Carpenter,Please Please Please,2024-06-06,5N3hjp1WNayUPZrA8kJmJP,https://i.scdn.co/image/ab67616d0000b273de84adf0e48248ea2d769c3e,JustHits,16,2024-06-21
Close To You,Gracie Abrams,Close To You,2024-06-07,5MPi9e7z46wopyad10R6qx,https://i.scdn.co/image/ab67616d0000b27305120ec42445d23764388857,JustHits,17,2024-06-21
Look Who's Laughing Now,Benjamin Ingrosso,Look Who's Laughing Now,2024-06-14,5iBSvGT3waImHIGW1eEeH7,https://i.scdn.co/image/ab67616d0000b27386692c9940ff101c26ffef87,JustHits,21,2024-06-21
Tears,Perrie,Tears,2024-06-21,1r3g6STDMeHV7ga3MTZpXI,https://i.scdn.co/image/ab67616d0000b2738a6875e430a3ee421ae37e78,JustHits,22,2024-06-21
The Spark,"Kabin Crew, Lisdoonvarna Crew",The Spark,2024-06-13,0bhnFakmRioZbuQcmhVwoH,https://i.scdn.co/image/ab67616d0000b27329a9bbe91db1739cf0169bef,BigOnTheInternet,2,2024-06-21
"The girl, so confusing version with lorde","Charli xcx, Lorde","The girl, so confusing version with lorde",2024-06-21,2YFhqZvhTpyK13gKXMKV7R,https://i.scdn.co/image/ab67616d0000b273b03b9403d0422a575ad4a872,BigOnTheInternet,4,2024-06-21
WHISKEY WHISKEY (feat. Morgan Wallen),"Moneybagg Yo, Morgan Wallen",SPEAK NOW,2024-06-14,7hRLuo4QnzCsjICXUOhTE6,https://i.scdn.co/image/ab67616d0000b27323f68790c67fdd51ecd87f2f,BigOnTheInternet,8,2024-06-21
REAL GANGSTA LOVE,Trueno,EL ÚLTIMO BAILE,2024-05-23,1pymWRCuZfCd0zdiBJo0Hj,https://i.scdn.co/image/ab67616d0000b27368a450f7bcdc187e20f0ba0a,BigOnTheInternet,14,2024-06-21
it boy,bbno$,it boy,2024-05-24,2UerDbZznc07mmGMD3WfHH,https://i.scdn.co/image/ab67616d0000b273eb98fd1d2c60d532584f1b52,BigOnTheInternet,17,2024-06-21
BAND4BAND (feat. Lil Baby),"Central Cee, Lil Baby",BAND4BAND (feat. Lil Baby),2024-05-23,7iabz12vAuVQYyekFIWJxD,https://i.scdn.co/image/ab67616d0000b2737b588bf0555bde606f8b27c7,BigOnTheInternet,18,2024-06-21
icantbelieveiletyougetaway,aldn,icantbelieveiletyougetaway,2024-05-31,0QbNbtwJvvqxRxNUYUoMRM,https://i.scdn.co/image/ab67616d0000b2738d1ecfe544da81f95f9bb4b1,BigOnTheInternet,19,2024-06-21
DEVIL IS A LIE,Tommy Richman,DEVIL IS A LIE,2024-06-14,6jlG8gBPNAgBgoivw2Ig09,https://i.scdn.co/image/ab67616d0000b273f1708ceacc5e678619364239,BigOnTheInternet,21,2024-06-21
U My Everything (feat. Drake),"Sexyy Red, Drake",In Sexyy We Trust,2024-05-24,1TgStpMGTflN84asKJ8VU3,https://i.scdn.co/image/ab67616d0000b2737c7eda8880dbfd0930bf9491,BigOnTheInternet,27,2024-06-21
Please Please Please,Sabrina Carpenter,Please Please Please,2024-06-06,5N3hjp1WNayUPZrA8kJmJP,https://i.scdn.co/image/ab67616d0000b273de84adf0e48248ea2d769c3e,TodayTopHits,1,2024-06-21
Houdini,Eminem,Houdini,2024-05-31,2HYFX63wP3otVIvopRS99Z,https://i.scdn.co/image/ab67616d0000b273810603c94c9246379604cf1a,TodayTopHits,12,2024-06-21
BAND4BAND (feat. Lil Baby),"Central Cee, Lil Baby",BAND4BAND (feat. Lil Baby),2024-05-23,7iabz12vAuVQYyekFIWJxD,https://i.scdn.co/image/ab67616d0000b2737b588bf0555bde606f8b27c7,TodayTopHits,26,2024-06-21
Close To You,Gracie Abrams,Close To You,2024-06-07,5MPi9e7z46wopyad10R6qx,https://i.scdn.co/image/ab67616d0000b27305120ec42445d23764388857,TodayTopHits,27,2024-06-21
REAL GANGSTA LOVE,Trueno,EL ÚLTIMO BAILE,2024-05-23,1pymWRCuZfCd0zdiBJo0Hj,https://i.scdn.co/image/ab67616d0000b27368a450f7bcdc187e20f0ba0a,TodayTopHits,28,2024-06-21
360,Charli xcx,BRAT,2024-06-07,4w2GLmK2wnioVnb5CPQeex,https://i.scdn.co/image/ab67616d0000b27388e3822cccfb8f2832c70c2e,TodayTopHits,29,2024-06-21
BLUE,"Gabriela Bee, Powfu",BLUE,2024-05-31,6kF1F75VCOHGQoJV7j5pAf,https://i.scdn.co/image/ab67616d0000b27367317d4b12a9374fe0a1b0e1,CafeCroissant,1,2024-06-14
Cinnamon Curls,Tom Misch,Cinnamon Curls,2024-06-13,4GSEf95lL4csXQlT2RGfOe,https://i.scdn.co/image/ab67616d0000b273c6a3c056c4510aa60bc5e794,CafeCroissant,2,2024-06-14
Black Lion Lane,Emilíana Torrini,Black Lion Lane,2024-05-24,3QTQRHqSTHk8fXMHhHHNFa,https://i.scdn.co/image/ab67616d0000b27370888b916faa870bb7e42812,CafeCroissant,4,2024-06-14
Airplane Window,Peach Tree Rascals,Airplane Window,2024-05-24,1d6sisPRhkmyqqZydPUIwy,https://i.scdn.co/image/ab67616d0000b273ee94201766adc781acb0bdc7,CafeCroissant,5,2024-06-14
Girl In The Orchestra,HONNE,Girl In The Orchestra,2024-06-14,12l9XTMK21GZbjszAFlTo2,https://i.scdn.co/image/ab67616d0000b273866f7cf3d56e308be956b9f6,CafeCroissant,7,2024-06-14
Vintage,Moses Sumney,Vintage,2024-06-05,0EQt3hJTjy2dYuxZp3cqo9,https://i.scdn.co/image/ab67616d0000b27381bf4b8f1d9f17fcbfd1a0af,CafeCroissant,8,2024-06-14
Home,"Godwin, KITSCHKRIEG",Home - A COLORS SHOW,2024-06-06,37DkD7AlTuPQIh97hO8hVI,https://i.scdn.co/image/ab67616d0000b273a2c0c44bf86e9905adb9d13e,CafeCroissant,13,2024-06-14
In My Imagination,Devin Kennedy,In My Imagination,2024-06-13,0f5My552DeGLhVrDWWKpIE,https://i.scdn.co/image/ab67616d0000b273e58c196c1213afe158f8d84d,CafeCroissant,14,2024-06-14
Better Together,"Waxx, Aliocha Schneider",Étincelle,2024-05-24,3qObcFmsVgBYlPBC0PEKuI,https://i.scdn.co/image/ab67616d0000b273fa2e1cc6da0b7665f50973f9,CafeCroissant,19,2024-06-14
Reminds Me of Us,"Violet Days, Davis Naish",Reminds Me of Us,2024-05-30,6CsCSKTczSZPLvryoKpoLT,https://i.scdn.co/image/ab67616d0000b2737ee29f884dec35c2ee79fd40,CafeCroissant,22,2024-06-14
Dime,"Aaron Frazer, Cancamusa",Dime,2024-06-05,0HDUQhPXnunzwvqAmDpznE,https://i.scdn.co/image/ab67616d0000b2731e5e1141aa37c2273cf2d97b,CafeCroissant,26,2024-06-14
La Boda,Camilo,cuatro,2024-05-23,4vj6sWvmBLMhoF8AWQSeHX,https://i.scdn.co/image/ab67616d0000b2737006456f86dfcbae0b9f0ff9,ThisIsCamilo,1,2024-06-14
SORRY 4 THAT MUCH,Feid,SORRY 4 THAT MUCH,2024-06-07,63pLfjK6FvcYJYMGwtHjd6,https://i.scdn.co/image/ab67616d0000b273746cdeef8d4a4110f1b5af29,ExitosColombia,2,2024-06-14
Chismofilia,Luis Alfonso,Chismofilia,2024-06-05,0323rphB8wdBL4riIlKt0G,https://i.scdn.co/image/ab67616d0000b2732f2654922971605599e8977c,ExitosColombia,6,2024-06-14
REAL GANGSTA LOVE,Trueno,EL ÚLTIMO BAILE,2024-05-23,1pymWRCuZfCd0zdiBJo0Hj,https://i.scdn.co/image/ab67616d0000b27368a450f7bcdc187e20f0ba0a,ExitosColombia,10,2024-06-14
Oe Bebé,"Blessd, Maluma",Oe Bebé,2024-06-05,57pj5sOWSCAqZm088LMcE4,https://i.scdn.co/image/ab67616d0000b27309f505fac1daa3b80551310e,ExitosColombia,14,2024-06-14
Una Vida Pasada,"Camilo, Carin Leon",cuatro,2024-05-23,2mLTxNa0bwZX8eNBsuODLX,https://i.scdn.co/image/ab67616d0000b2737006456f86dfcbae0b9f0ff9,ExitosColombia,23,2024-06-14
Ce soir (feat. Gazo),"Adèle Castillon, Gazo",Ce soir (feat. Gazo),2024-05-31,4wqbWYnwtHFg3nRxJ8hX09,https://i.scdn.co/image/ab67616d0000b273ef7f06123b1bb40d9298ed1f,FutursHits,3,2024-06-14
Please Please Please,Sabrina Carpenter,Please Please Please,2024-06-06,5N3hjp1WNayUPZrA8kJmJP,https://i.scdn.co/image/ab67616d0000b273de84adf0e48248ea2d769c3e,FutursHits,6,2024-06-14
Lalla,"Kore, Hamza",Lalla,2024-05-24,1iM4agLs3G8ihIHEcWojcN,https://i.scdn.co/image/ab67616d0000b2737200ceffe12bd5bfa7e01d1c,FutursHits,7,2024-06-14
Heaven,Sound Of Legend,Heaven,2024-06-07,01iYmkiwWzpDTxgoBHKqEy,https://i.scdn.co/image/ab67616d0000b27320f55568ab4265196099a346,FutursHits,9,2024-06-14
Nice to Meet You,Imagine Dragons,Nice to Meet You,2024-05-24,7sxb5C2mE0l5xfSL9M2hxQ,https://i.scdn.co/image/ab67616d0000b2731d060976af0e642e97db3b2b,FutursHits,10,2024-06-14
Ton regard,Joseph Kamel,Ton regard,2024-05-31,4FrlgpyAzw4a3gErecQqUO,https://i.scdn.co/image/ab67616d0000b273b55f640800f91ee4bd7ea33b,FutursHits,16,2024-06-14
Houdini,Eminem,Houdini,2024-05-31,2HYFX63wP3otVIvopRS99Z,https://i.scdn.co/image/ab67616d0000b273810603c94c9246379604cf1a,FutursHits,19,2024-06-14
feelings don't lie,"Ofenbach, salem ilese",feelings don't lie,2024-05-24,3lqamRh4EILIDACnAbl35t,https://i.scdn.co/image/ab67616d0000b273cb2d2dba25daba49fbf4e482,FutursHits,21,2024-06-14
People of the Sun,"Boris Way, LAWRENT",People of the Sun,2024-05-31,5GaXT2QZkhKyzovjKDwiyh,https://i.scdn.co/image/ab67616d0000b2731ead7163258942ed6c419602,FutursHits,23,2024-06-14
Please Please Please,Sabrina Carpenter,Please Please Please,2024-06-06,5N3hjp1WNayUPZrA8kJmJP,https://i.scdn.co/image/ab67616d0000b273de84adf0e48248ea2d769c3e,TodayTopHits,9,2024-06-14
Houdini,Eminem,Houdini,2024-05-31,2HYFX63wP3otVIvopRS99Z,https://i.scdn.co/image/ab67616d0000b273810603c94c9246379604cf1a,TodayTopHits,12,2024-06-14
Pink Skies,Zach Bryan,Pink Skies,2024-05-24,4ZJ4vzLQekI0WntDbanNC7,https://i.scdn.co/image/ab67616d0000b2731a2c9ac2d39bc5c2e22b9555,TodayTopHits,27,2024-06-14
Close To You,Gracie Abrams,Close To You,2024-06-07,5MPi9e7z46wopyad10R6qx,https://i.scdn.co/image/ab67616d0000b27305120ec42445d23764388857,TodayTopHits,28,2024-06-14
LOOKING FOR JOY,Kaleena Zanders,LOOKING FOR JOY,2024-06-14,5EqfKJSbG8yQBicX9YRMKu,https://i.scdn.co/image/ab67616d0000b27366e09d9c88747a4bb3fc05a6,Mint,1,2024-06-14
"She’s Gone, Dance On",Disclosure,"She’s Gone, Dance On",2024-05-29,29I9dv9Nq704w0Oc5yFGsR,https://i.scdn.co/image/ab67616d0000b2730b6d4c43fe3e8485148e4872,Mint,2,2024-06-14
girl$,Dom Dolla,girl$,2024-06-07,46N3FCKFABRjNoNBVq4osr,https://i.scdn.co/image/ab67616d0000b2735cd5b843862e954915c9bd23,Mint,3,2024-06-14
Back To One,Peggy Gou,I Hear You,2024-06-07,1kOg8OXkYhsoaCuDppNyxF,https://i.scdn.co/image/ab67616d0000b273b58857b06c0d9ebf76458dc1,Mint,4,2024-06-14
Push,"Skrillex, Hamdi, TAICHU, OFFAIAH, contra",Push,2024-05-24,29OFLlrrfKIEVwbVMTjBYe,https://i.scdn.co/image/ab67616d0000b273f239a45be61917fd61898241,Mint,6,2024-06-14
Without You (with HAYLA),"Kygo, HAYLA",Without You (with HAYLA),2024-05-31,5KW4qNLjWeh7rMbxCfg89N,https://i.scdn.co/image/ab67616d0000b27395e0464da2c2a21ed2ee8283,Mint,7,2024-06-14
places to be,"Fred again.., Anderson .Paak, CHIKA",places to be,2024-05-31,561pBFcFL2Pwb9HPO9tU8J,https://i.scdn.co/image/ab67616d0000b2731f51ec0adeeff5a6095b13cc,Mint,8,2024-06-14
Move,"Adam Port, Stryv, Keinemusik, Orso, Malachiii",Move,2024-06-07,1BJJbSX6muJVF2AK7uH1x4,https://i.scdn.co/image/ab67616d0000b27317a013a00d0a33f3dd49974d,Mint,9,2024-06-14
Lioness,"Swedish House Mafia, Niki & The Dove",Lioness,2024-06-07,73rh3AJNXQl8iMWgWRrQTR,https://i.scdn.co/image/ab67616d0000b2732910ba339ea76aa6321dbee5,Mint,10,2024-06-14
HEAT,"Tove Lo, SG Lewis",HEAT,2024-06-14,3Du9k9oZz7DJCMZviju2lD,https://i.scdn.co/image/ab67616d0000b2737de2b9727e4016ab9ddbe4d5,Mint,11,2024-06-14
Wherever You Are,"Martin Garrix, DubVision, Shaun Farrugia",Wherever You Are,2024-06-07,4s5kizLw0McJRd4rBG06B4,https://i.scdn.co/image/ab67616d0000b27397b272513140a44ec5d7c3c6,Mint,14,2024-06-14
Drip Sweat (feat. Channel Tres),"KAYTRANADA, Channel Tres",Drip Sweat (feat. Channel Tres),2024-06-04,4r7e8yV4Xem3iC4hkkI4Hn,https://i.scdn.co/image/ab67616d0000b273857ae6b278a7334c5d478147,Mint,18,2024-06-14
Call Me,"Maluma, Blessd",1 OF 1,2024-06-06,0VaOGXNtoYUf1vAXM0X9ST,https://i.scdn.co/image/ab67616d0000b273d5f659ff19cf62a70e1c3519,ThisIsMaluma,1,2024-06-14
HOLA PERDIDA REMIX,"Luck Ra, Maluma, KHEA",HOLA PERDIDA REMIX,2024-05-31,2FqTbwiogEVvZnkarPf5BV,https://i.scdn.co/image/ab67616d0000b273a25c38ea15816d466f228c99,ThisIsMaluma,7,2024-06-14
Oe Bebé,"Blessd, Maluma",Oe Bebé,2024-06-05,57pj5sOWSCAqZm088LMcE4,https://i.scdn.co/image/ab67616d0000b27309f505fac1daa3b80551310e,ThisIsMaluma,26,2024-06-14
Torii,Jhayco,Torii,2024-05-31,0yROknHyvAJ57hZLpxNHry,https://i.scdn.co/image/ab67616d0000b27307bd0c238e48a4099d5b9628,ThisIsJhayCortez,1,2024-06-14
Viva tu,Manu Chao,Viva tu,2024-05-29,5bTIYle84tcBo14n4fWSTb,https://i.scdn.co/image/ab67616d0000b273bee9a387cd01679211767fb7,LatinDinner,4,2024-06-14
SORRY 4 THAT MUCH,Feid,SORRY 4 THAT MUCH,2024-06-07,63pLfjK6FvcYJYMGwtHjd6,https://i.scdn.co/image/ab67616d0000b273746cdeef8d4a4110f1b5af29,MalumaRadio,7,2024-06-14
HOLA PERDIDA REMIX,"Luck Ra, Maluma, KHEA",HOLA PERDIDA REMIX,2024-05-31,2FqTbwiogEVvZnkarPf5BV,https://i.scdn.co/image/ab67616d0000b273a25c38ea15816d466f228c99,MalumaRadio,15,2024-06-14
Oe Bebé,"Blessd, Maluma",Oe Bebé,2024-06-05,57pj5sOWSCAqZm088LMcE4,https://i.scdn.co/image/ab67616d0000b27309f505fac1daa3b80551310e,MalumaRadio,20,2024-06-14
Ton regard,Joseph Kamel,Ton regard,2024-05-31,4FrlgpyAzw4a3gErecQqUO,https://i.scdn.co/image/ab67616d0000b273b55f640800f91ee4bd7ea33b,GrandHit,22,2024-06-14
Rapido (with Cris Mj),"Dei V, Cris Mj",Quién es Dei V?,2024-06-14,1emJPywtseFLmLCcPY92dW,https://i.scdn.co/image/ab67616d0000b273e4e2fa46f29fb191f699c409,VivaLatino,1,2024-06-14
REAL GANGSTA LOVE,Trueno,EL ÚLTIMO BAILE,2024-05-23,1pymWRCuZfCd0zdiBJo0Hj,https://i.scdn.co/image/ab67616d0000b27368a450f7bcdc187e20f0ba0a,VivaLatino,2,2024-06-14
SORRY 4 THAT MUCH,Feid,SORRY 4 THAT MUCH,2024-06-07,63pLfjK6FvcYJYMGwtHjd6,https://i.scdn.co/image/ab67616d0000b273746cdeef8d4a4110f1b5af29,VivaLatino,5,2024-06-14
SI NO ES CONTIGO,Cris Mj,SI NO ES CONTIGO,2024-05-23,5Uptvz6j1sjDKxidAcnH2L,https://i.scdn.co/image/ab67616d0000b273b5a456d85aa63ef612e73edb,VivaLatino,8,2024-06-14
HOLA PERDIDA REMIX,"Luck Ra, Maluma, KHEA",HOLA PERDIDA REMIX,2024-05-31,2FqTbwiogEVvZnkarPf5BV,https://i.scdn.co/image/ab67616d0000b273a25c38ea15816d466f228c99,VivaLatino,10,2024-06-14
Maquillaje - Remix,"Renn, Myke Towers, Nio Garcia, Yexel",Maquillaje (feat. Yexel) [Remix],2024-05-30,1eMXh9WqMtnmeyZnig2NUA,https://i.scdn.co/image/ab67616d0000b273ec0e7f8b2d1bb8a194f644cc,VivaLatino,11,2024-06-14
Volver Al Futuro,"Oscar Maydon, Junior H",Volver Al Futuro,2024-05-30,33Nj9AdncSmHbCN3QeSZTL,https://i.scdn.co/image/ab67616d0000b27306116ae20d0a4c09d65c7d1d,VivaLatino,13,2024-06-14
Mi Morenita,"Grupo Marca Registrada, JPL",Mi Morenita,2024-05-24,4Xly6Wx7KtcJc739Y4myOt,https://i.scdn.co/image/ab67616d0000b2738948dcd2835bc25812cca985,VivaLatino,14,2024-06-14
El Beneficio De La Duda,Grupo Firme,El Beneficio De La Duda,2024-05-28,7xJ1scIZpc33lZ7HpcrjCY,https://i.scdn.co/image/ab67616d0000b2738632e4c5f46220a7ad2ff6bb,VivaLatino,17,2024-06-14
Despídase bien,Carin Leon,"Boca Chueca, Vol. 1",2024-05-30,1llaUCfG1g5WzKt6JafYyk,https://i.scdn.co/image/ab67616d0000b273b28b55cc0ac0ad1131ece780,VivaLatino,22,2024-06-14
EL PANTALON - RUMBAS,"Omar Montes, Lola Indigo, Las Chuches",LAGRIMAS DE UN MALEANTE,2024-05-30,7CsOowK8aWlxgjuZLW7pXA,https://i.scdn.co/image/ab67616d0000b273b97f603621a230afd6e578df,VivaLatino,27,2024-06-14
Top 10 staTues tHat CriEd bloOd,Bring Me The Horizon,POST HUMAN: NeX GEn,2024-05-24,7g4hIeYVk3h5qQXb9RLeXP,https://i.scdn.co/image/ab67616d0000b273e00a0b0e1c3ecb926603ec43,RockThis,2,2024-06-14
Next Semester,Twenty One Pilots,Clancy,2024-05-24,1BANPzYIhCQkJ1ZFq2Fb0O,https://i.scdn.co/image/ab67616d0000b2739cf15c7323fb85b7112197d5,RockThis,4,2024-06-14
New Way Out,Poppy,New Way Out,2024-06-04,7rQeehJRFCNTwqDffP8c5t,https://i.scdn.co/image/ab67616d0000b2731bde4a7bb21c87f3418c2c3d,RockThis,6,2024-06-14
Perfume,Pale Waves,Perfume,2024-06-12,5CBZHzvgJ7bOB9WPWmWbwq,https://i.scdn.co/image/ab67616d0000b273da2846f473d008ad2d1e1205,RockThis,13,2024-06-14
Mood Swings - Spotify Singles,IDLES,Spotify Singles,2024-06-12,0AYOV3i35BkGFHBwZTKDl2,https://i.scdn.co/image/ab67616d0000b273531501f9ae9c84e06545a718,RockThis,27,2024-06-14
Boyfeel,Destroy Boys,Boyfeel,2024-06-06,6RCB34D4Z3LKpOuIUTdp13,https://i.scdn.co/image/ab67616d0000b2730aff9da08ffb5a3e6e41a6cd,RockThis,29,2024-06-14
Nice to Meet You,Imagine Dragons,Nice to Meet You,2024-05-24,7sxb5C2mE0l5xfSL9M2hxQ,https://i.scdn.co/image/ab67616d0000b2731d060976af0e642e97db3b2b,ItsAllGood,11,2024-06-14
Oldies Station,Twenty One Pilots,Clancy,2024-05-24,7dI0mSvbdJTynUnEkWIom1,https://i.scdn.co/image/ab67616d0000b2739cf15c7323fb85b7112197d5,ItsAllGood,19,2024-06-14
Lightning and Thunder,Marianas Trench,Lightning and Thunder,2024-05-24,01IQy9o6fgtw7ZCThALXgn,https://i.scdn.co/image/ab67616d0000b273c24aca49bd6f7af8846efea6,PopRock,18,2024-06-14
Just a Little Bit,robbietheused,Just a Little Bit,2024-05-31,28nwrXJzVjgP6O8TtpEc0S,https://i.scdn.co/image/ab67616d0000b2731f30c014c06b193597ffebd7,PopRock,19,2024-06-14
Caught It,"VOILÀ, Chrissy Costanza, Against The Current",Caught It (with Chrissy Costanza & Against The Current),2024-05-31,7qTc7bfYZYwFNWSDzNBmHr,https://i.scdn.co/image/ab67616d0000b273c1fb43abb93ad5acab785a79,PopRock,22,2024-06-14
Recipe For Disaster,Honey Revenge,Recipe For Disaster,2024-05-24,4S3CGPuEmleAmk36HLa5Lj,https://i.scdn.co/image/ab67616d0000b273e2b5d552ae71601e6a50e508,PopRock,28,2024-06-14
Please Please Please,Sabrina Carpenter,Please Please Please,2024-06-06,5N3hjp1WNayUPZrA8kJmJP,https://i.scdn.co/image/ab67616d0000b273de84adf0e48248ea2d769c3e,JustHits,1,2024-06-14
Multiply,Becky Hill,Multiply,2024-05-29,0d8qNWRwQafcOXAyw6FxiB,https://i.scdn.co/image/ab67616d0000b273bd5e91e620983e29c6dad476,JustHits,4,2024-06-14
Ask & You Shall Receive,Rita Ora,Ask & You Shall Receive,2024-05-31,4zB5pU3cwGiC6Fcz5qtfUe,https://i.scdn.co/image/ab67616d0000b27338422d96956475fcefa864bb,JustHits,7,2024-06-14
OMG,Leigh-Anne,No Hard Feelings,2024-05-31,5EfJsHmAPhnzQB4L6wz5FT,https://i.scdn.co/image/ab67616d0000b2738f6202b155640549e17b51b9,JustHits,10,2024-06-14
Close To You,Gracie Abrams,Close To You,2024-06-07,5MPi9e7z46wopyad10R6qx,https://i.scdn.co/image/ab67616d0000b27305120ec42445d23764388857,JustHits,14,2024-06-14
Look Who's Laughing Now,Benjamin Ingrosso,Look Who's Laughing Now,2024-06-14,5iBSvGT3waImHIGW1eEeH7,https://i.scdn.co/image/ab67616d0000b27386692c9940ff101c26ffef87,JustHits,18,2024-06-14
ABCD,NAYEON,,2024-06-14,53rB05bAi7JdNbUfgz72I1,https://i.scdn.co/image/ab67616d0000b2735c202994e981619ccf69784e,JustHits,26,2024-06-14
True Colours,"Becky Hill, Self Esteem",True Colours,2024-05-24,4S6rRqfYzIJ4nL2bV8ktS9,https://i.scdn.co/image/ab67616d0000b2735e6557a21c206ee6e3e5db6a,JustHits,28,2024-06-14
SOY UN BAD BOY,"El Alfa, Luar La L, Jezzy",SOY UN BAD BOY,2024-06-05,0H62ltcrmOg1SJDKkZD95P,https://i.scdn.co/image/ab67616d0000b273a8d6193bd66b039f61fc4ea4,ThisIsElAlfa,3,2024-06-14
The Spark,"Kabin Crew, Lisdoonvarna Crew",The Spark,2024-06-13,0bhnFakmRioZbuQcmhVwoH,https://i.scdn.co/image/ab67616d0000b27360dd4bfd6d901d0fd0a84afc,BigOnTheInternet,2,2024-06-14
icantbelieveiletyougetaway,aldn,icantbelieveiletyougetaway,2024-05-31,0QbNbtwJvvqxRxNUYUoMRM,https://i.scdn.co/image/ab67616d0000b2738d1ecfe544da81f95f9bb4b1,BigOnTheInternet,13,2024-06-14
BAND4BAND (feat. Lil Baby),"Central Cee, Lil Baby",BAND4BAND (feat. Lil Baby),2024-05-23,7iabz12vAuVQYyekFIWJxD,https://i.scdn.co/image/ab67616d0000b2737b588bf0555bde606f8b27c7,BigOnTheInternet,15,2024-06-14
Dime,"Aaron Frazer, Cancamusa",Dime,2024-06-05,0HDUQhPXnunzwvqAmDpznE,https://i.scdn.co/image/ab67616d0000b2731e5e1141aa37c2273cf2d97b,CafeCroissant,2,2024-06-07
Reminds Me of Us,"Violet Days, Davis Naish",Reminds Me of Us,2024-05-30,6CsCSKTczSZPLvryoKpoLT,https://i.scdn.co/image/ab67616d0000b2737ee29f884dec35c2ee79fd40,CafeCroissant,4,2024-06-07
Better Together,"Waxx, Aliocha Schneider",Étincelle,2024-05-24,3qObcFmsVgBYlPBC0PEKuI,https://i.scdn.co/image/ab67616d0000b273fa2e1cc6da0b7665f50973f9,CafeCroissant,10,2024-06-07
BLUE,"Gabriela Bee, Powfu",BLUE,2024-05-31,6kF1F75VCOHGQoJV7j5pAf,https://i.scdn.co/image/ab67616d0000b27367317d4b12a9374fe0a1b0e1,CafeCroissant,12,2024-06-07
Airplane Window,Peach Tree Rascals,Airplane Window,2024-05-24,1d6sisPRhkmyqqZydPUIwy,https://i.scdn.co/image/ab67616d0000b273ee94201766adc781acb0bdc7,CafeCroissant,15,2024-06-07
Home,"Godwin, KITSCHKRIEG",Home - A COLORS SHOW,2024-06-06,37DkD7AlTuPQIh97hO8hVI,https://i.scdn.co/image/ab67616d0000b273a2c0c44bf86e9905adb9d13e,CafeCroissant,19,2024-06-07
Black Lion Lane,Emilíana Torrini,Black Lion Lane,2024-05-24,3QTQRHqSTHk8fXMHhHHNFa,https://i.scdn.co/image/ab67616d0000b27370888b916faa870bb7e42812,CafeCroissant,21,2024-06-07
La Boda,Camilo,cuatro,2024-05-23,4vj6sWvmBLMhoF8AWQSeHX,https://i.scdn.co/image/ab67616d0000b2737006456f86dfcbae0b9f0ff9,ThisIsCamilo,3,2024-06-07
Una Vida Pasada,"Camilo, Carin Leon",cuatro,2024-05-23,2mLTxNa0bwZX8eNBsuODLX,https://i.scdn.co/image/ab67616d0000b2737006456f86dfcbae0b9f0ff9,ExitosColombia,16,2024-06-07
Wayeh,THEODORT,Imad,2024-05-24,7EMzOyDT87Uq9Hi08Mxe31,https://i.scdn.co/image/ab67616d0000b273d726484fcdb087409ded0765,FutursHits,4,2024-06-07
Lalla,"Kore, Hamza",Lalla,2024-05-24,1iM4agLs3G8ihIHEcWojcN,https://i.scdn.co/image/ab67616d0000b2737200ceffe12bd5bfa7e01d1c,FutursHits,6,2024-06-07
Nice to Meet You,Imagine Dragons,Nice to Meet You,2024-05-24,7sxb5C2mE0l5xfSL9M2hxQ,https://i.scdn.co/image/ab67616d0000b2731d060976af0e642e97db3b2b,FutursHits,7,2024-06-07
Ce soir (feat. Gazo),"Adèle Castillon, Gazo",Ce soir (feat. Gazo),2024-05-31,4wqbWYnwtHFg3nRxJ8hX09,https://i.scdn.co/image/ab67616d0000b273ef7f06123b1bb40d9298ed1f,FutursHits,10,2024-06-07
Ton regard,Joseph Kamel,Ton regard,2024-05-31,4FrlgpyAzw4a3gErecQqUO,https://i.scdn.co/image/ab67616d0000b273b55f640800f91ee4bd7ea33b,FutursHits,14,2024-06-07
Houdini,Eminem,Houdini,2024-05-31,2HYFX63wP3otVIvopRS99Z,https://i.scdn.co/image/ab67616d0000b273810603c94c9246379604cf1a,FutursHits,24,2024-06-07
Houdini,Eminem,Houdini,2024-05-31,2HYFX63wP3otVIvopRS99Z,https://i.scdn.co/image/ab67616d0000b273810603c94c9246379604cf1a,TodayTopHits,11,2024-06-07
Please Please Please,Sabrina Carpenter,Please Please Please,2024-06-06,5N3hjp1WNayUPZrA8kJmJP,https://i.scdn.co/image/ab67616d0000b273de84adf0e48248ea2d769c3e,TodayTopHits,18,2024-06-07
Pink Skies,Zach Bryan,Pink Skies,2024-05-24,4ZJ4vzLQekI0WntDbanNC7,https://i.scdn.co/image/ab67616d0000b2731a2c9ac2d39bc5c2e22b9555,TodayTopHits,24,2024-06-07
girl$,Dom Dolla,girl$,2024-06-07,46N3FCKFABRjNoNBVq4osr,https://i.scdn.co/image/ab67616d0000b2735cd5b843862e954915c9bd23,Mint,1,2024-06-07
"She’s Gone, Dance On",Disclosure,"She’s Gone, Dance On",2024-05-29,29I9dv9Nq704w0Oc5yFGsR,https://i.scdn.co/image/ab67616d0000b2730b6d4c43fe3e8485148e4872,Mint,2,2024-06-07
Back To One,Peggy Gou,I Hear You,2024-06-07,1kOg8OXkYhsoaCuDppNyxF,https://i.scdn.co/image/ab67616d0000b273b58857b06c0d9ebf76458dc1,Mint,3,2024-06-07
Push,"Skrillex, Hamdi, TAICHU, OFFAIAH, contra",Push,2024-05-24,29OFLlrrfKIEVwbVMTjBYe,https://i.scdn.co/image/ab67616d0000b27310bc90dfaa9bf82637a34a71,Mint,5,2024-06-07
places to be,"Fred again.., Anderson .Paak, CHIKA",places to be,2024-05-31,561pBFcFL2Pwb9HPO9tU8J,https://i.scdn.co/image/ab67616d0000b2739e2acc409c9e9455ca8e93ac,Mint,6,2024-06-07
Lioness,"Swedish House Mafia, Niki & The Dove",Lioness,2024-06-07,73rh3AJNXQl8iMWgWRrQTR,https://i.scdn.co/image/ab67616d0000b273bd39ef416843ba94bca14907,Mint,7,2024-06-07
Without You (with HAYLA),"Kygo, HAYLA",Without You (with HAYLA),2024-05-31,5KW4qNLjWeh7rMbxCfg89N,https://i.scdn.co/image/ab67616d0000b27395e0464da2c2a21ed2ee8283,Mint,8,2024-06-07
Wherever You Are,"Martin Garrix, DubVision, Shaun Farrugia",Wherever You Are,2024-06-07,4s5kizLw0McJRd4rBG06B4,https://i.scdn.co/image/ab67616d0000b27397b272513140a44ec5d7c3c6,Mint,10,2024-06-07
Drip Sweat (feat. Channel Tres),"KAYTRANADA, Channel Tres",Drip Sweat (feat. Channel Tres),2024-06-04,4r7e8yV4Xem3iC4hkkI4Hn,https://i.scdn.co/image/ab67616d0000b273857ae6b278a7334c5d478147,Mint,15,2024-06-07
Una Vida Pasada,"Camilo, Carin Leon",cuatro,2024-05-23,2mLTxNa0bwZX8eNBsuODLX,https://i.scdn.co/image/ab67616d0000b2737006456f86dfcbae0b9f0ff9,CamiloRadio,3,2024-06-07
HOLA PERDIDA REMIX,"Luck Ra, Maluma, KHEA",HOLA PERDIDA REMIX,2024-05-31,2FqTbwiogEVvZnkarPf5BV,https://i.scdn.co/image/ab67616d0000b273a25c38ea15816d466f228c99,ThisIsMaluma,20,2024-06-07
Torii,Jhayco,Torii,2024-05-31,0yROknHyvAJ57hZLpxNHry,https://i.scdn.co/image/ab67616d0000b27307bd0c238e48a4099d5b9628,ThisIsJhayCortez,1,2024-06-07
Viva tu,Manu Chao,Viva tu,2024-05-29,5bTIYle84tcBo14n4fWSTb,https://i.scdn.co/image/ab67616d0000b273bee9a387cd01679211767fb7,LatinDinner,2,2024-06-07
REAL GANGSTA LOVE,Trueno,EL ÚLTIMO BAILE,2024-05-23,1pymWRCuZfCd0zdiBJo0Hj,https://i.scdn.co/image/ab67616d0000b27368a450f7bcdc187e20f0ba0a,VivaLatino,3,2024-06-07
SORRY 4 THAT MUCH,Feid,SORRY 4 THAT MUCH,2024-06-07,63pLfjK6FvcYJYMGwtHjd6,https://i.scdn.co/image/ab67616d0000b273746cdeef8d4a4110f1b5af29,VivaLatino,4,2024-06-07
HOLA PERDIDA REMIX,"Luck Ra, Maluma, KHEA",HOLA PERDIDA REMIX,2024-05-31,2FqTbwiogEVvZnkarPf5BV,https://i.scdn.co/image/ab67616d0000b273a25c38ea15816d466f228c99,VivaLatino,8,2024-06-07
Maquillaje - Remix,"Renn, Myke Towers, Nio Garcia, Yexel",Maquillaje (feat. Yexel) [Remix],2024-05-30,1eMXh9WqMtnmeyZnig2NUA,https://i.scdn.co/image/ab67616d0000b273ec0e7f8b2d1bb8a194f644cc,VivaLatino,10,2024-06-07
SI NO ES CONTIGO,Cris Mj,SI NO ES CONTIGO,2024-05-23,5Uptvz6j1sjDKxidAcnH2L,https://i.scdn.co/image/ab67616d0000b273b5a456d85aa63ef612e73edb,VivaLatino,11,2024-06-07
Touching The Sky,Rauw Alejandro,Touching The Sky,2024-05-23,2SaRD7OpQ2A9ZeCOntar0g,https://i.scdn.co/image/ab67616d0000b273a84c3220180690ea84f392aa,VivaLatino,12,2024-06-07
Volver Al Futuro,"Oscar Maydon, Junior H",Volver Al Futuro,2024-05-30,33Nj9AdncSmHbCN3QeSZTL,https://i.scdn.co/image/ab67616d0000b27306116ae20d0a4c09d65c7d1d,VivaLatino,13,2024-06-07
El Beneficio De La Duda,Grupo Firme,El Beneficio De La Duda,2024-05-28,7xJ1scIZpc33lZ7HpcrjCY,https://i.scdn.co/image/ab67616d0000b2738632e4c5f46220a7ad2ff6bb,VivaLatino,17,2024-06-07
Despídase bien,Carin Leon,"Boca Chueca, Vol. 1",2024-05-30,1llaUCfG1g5WzKt6JafYyk,https://i.scdn.co/image/ab67616d0000b273b28b55cc0ac0ad1131ece780,VivaLatino,20,2024-06-07
Torai,Grupo Marca Registrada,THE GOAT,2024-05-30,3pqEJlyY1HOdYIq5GHB4bp,https://i.scdn.co/image/ab67616d0000b273faae724e37331e286bface2a,VivaLatino,28,2024-06-07
New Way Out,Poppy,New Way Out,2024-06-04,7rQeehJRFCNTwqDffP8c5t,https://i.scdn.co/image/ab67616d0000b2731bde4a7bb21c87f3418c2c3d,RockThis,2,2024-06-07
Next Semester,Twenty One Pilots,Clancy,2024-05-24,1BANPzYIhCQkJ1ZFq2Fb0O,https://i.scdn.co/image/ab67616d0000b2739cf15c7323fb85b7112197d5,RockThis,3,2024-06-07
Top 10 staTues tHat CriEd bloOd,Bring Me The Horizon,POST HUMAN: NeX GEn,2024-05-24,7g4hIeYVk3h5qQXb9RLeXP,https://i.scdn.co/image/ab67616d0000b273e00a0b0e1c3ecb926603ec43,RockThis,5,2024-06-07
YOUtopia,Bring Me The Horizon,POST HUMAN: NeX GEn,2024-05-24,24l3mfIPWVa645a9LEwSHx,https://i.scdn.co/image/ab67616d0000b273e00a0b0e1c3ecb926603ec43,RockThis,25,2024-06-07
Boyfeel,Destroy Boys,Boyfeel,2024-06-06,6RCB34D4Z3LKpOuIUTdp13,https://i.scdn.co/image/ab67616d0000b273f96c200d429712fbe4fc0478,RockThis,26,2024-06-07
uncooked,Four Year Strong,uncooked,2024-05-28,4jIwJ0CAWO4poBAtgRT0Lr,https://i.scdn.co/image/ab67616d0000b2734ce5ed8e1503962000064aff,RockThis,27,2024-06-07
Nice to Meet You,Imagine Dragons,Nice to Meet You,2024-05-24,7sxb5C2mE0l5xfSL9M2hxQ,https://i.scdn.co/image/ab67616d0000b2731d060976af0e642e97db3b2b,ItsAllGood,14,2024-06-07
Oldies Station,Twenty One Pilots,Clancy,2024-05-24,7dI0mSvbdJTynUnEkWIom1,https://i.scdn.co/image/ab67616d0000b2739cf15c7323fb85b7112197d5,ItsAllGood,22,2024-06-07
Lightning and Thunder,Marianas Trench,Lightning and Thunder,2024-05-24,01IQy9o6fgtw7ZCThALXgn,https://i.scdn.co/image/ab67616d0000b273c24aca49bd6f7af8846efea6,PopRock,18,2024-06-07
Just a Little Bit,robbietheused,Just a Little Bit,2024-05-31,28nwrXJzVjgP6O8TtpEc0S,https://i.scdn.co/image/ab67616d0000b2731f30c014c06b193597ffebd7,PopRock,19,2024-06-07
Caught It,"VOILÀ, Chrissy Costanza, Against The Current",Caught It (with Chrissy Costanza & Against The Current),2024-05-31,7qTc7bfYZYwFNWSDzNBmHr,https://i.scdn.co/image/ab67616d0000b273c1fb43abb93ad5acab785a79,PopRock,22,2024-06-07
Recipe For Disaster,Honey Revenge,Recipe For Disaster,2024-05-24,4S3CGPuEmleAmk36HLa5Lj,https://i.scdn.co/image/ab67616d0000b273e2b5d552ae71601e6a50e508,PopRock,29,2024-06-07
Please Please Please,Sabrina Carpenter,Please Please Please,2024-06-06,5N3hjp1WNayUPZrA8kJmJP,https://i.scdn.co/image/ab67616d0000b273de84adf0e48248ea2d769c3e,JustHits,1,2024-06-07
Multiply,Becky Hill,Multiply,2024-05-29,0d8qNWRwQafcOXAyw6FxiB,https://i.scdn.co/image/ab67616d0000b273dcb9b722704b7cd02de0b767,JustHits,2,2024-06-07
Ask & You Shall Receive,Rita Ora,Ask & You Shall Receive,2024-05-31,4zB5pU3cwGiC6Fcz5qtfUe,https://i.scdn.co/image/ab67616d0000b27338422d96956475fcefa864bb,JustHits,6,2024-06-07
OMG,Leigh-Anne,No Hard Feelings,2024-05-31,5EfJsHmAPhnzQB4L6wz5FT,https://i.scdn.co/image/ab67616d0000b2738f6202b155640549e17b51b9,JustHits,10,2024-06-07
Close To You,Gracie Abrams,Close To You,2024-06-07,5MPi9e7z46wopyad10R6qx,https://i.scdn.co/image/ab67616d0000b273208b38aef0cdbcc893132651,JustHits,13,2024-06-07
True Colours,"Becky Hill, Self Esteem",True Colours,2024-05-24,4S6rRqfYzIJ4nL2bV8ktS9,https://i.scdn.co/image/ab67616d0000b2735e6557a21c206ee6e3e5db6a,JustHits,22,2024-06-07
BAND4BAND (feat. Lil Baby),"Central Cee, Lil Baby",BAND4BAND (feat. Lil Baby),2024-05-23,7iabz12vAuVQYyekFIWJxD,https://i.scdn.co/image/ab67616d0000b2737b588bf0555bde606f8b27c7,BigOnTheInternet,10,2024-06-07
Better Together,"Waxx, Aliocha Schneider",Étincelle,2024-05-24,3qObcFmsVgBYlPBC0PEKuI,https://i.scdn.co/image/ab67616d0000b273fa2e1cc6da0b7665f50973f9,CafeCroissant,4,2024-05-31
Airplane Window,Peach Tree Rascals,Airplane Window,2024-05-24,1d6sisPRhkmyqqZydPUIwy,https://i.scdn.co/image/ab67616d0000b273ee94201766adc781acb0bdc7,CafeCroissant,15,2024-05-31
Black Lion Lane,Emilíana Torrini,Black Lion Lane,2024-05-24,3QTQRHqSTHk8fXMHhHHNFa,https://i.scdn.co/image/ab67616d0000b27370888b916faa870bb7e42812,CafeCroissant,16,2024-05-31
La Boda,Camilo,cuatro,2024-05-23,4vj6sWvmBLMhoF8AWQSeHX,https://i.scdn.co/image/ab67616d0000b2737006456f86dfcbae0b9f0ff9,ThisIsCamilo,3,2024-05-31
Wayeh,THEODORT,Imad,2024-05-24,7EMzOyDT87Uq9Hi08Mxe31,https://i.scdn.co/image/ab67616d0000b273d726484fcdb087409ded0765,FutursHits,5,2024-05-31
Nice to Meet You,Imagine Dragons,Nice to Meet You,2024-05-24,7sxb5C2mE0l5xfSL9M2hxQ,https://i.scdn.co/image/ab67616d0000b2731d060976af0e642e97db3b2b,FutursHits,6,2024-05-31
Pink Skies,Zach Bryan,Pink Skies,2024-05-24,4ZJ4vzLQekI0WntDbanNC7,https://i.scdn.co/image/ab67616d0000b2731a2c9ac2d39bc5c2e22b9555,TodayTopHits,27,2024-05-31
Push,"Skrillex, Hamdi, TAICHU, contra, OFFAIAH",Push,2024-05-24,29OFLlrrfKIEVwbVMTjBYe,https://i.scdn.co/image/ab67616d0000b27310bc90dfaa9bf82637a34a71,Mint,2,2024-05-31
places to be,"Fred again.., Anderson .Paak, CHIKA",places to be,2024-05-31,561pBFcFL2Pwb9HPO9tU8J,https://i.scdn.co/image/ab67616d0000b273f8a21e2ef9c382f447137964,Mint,3,2024-05-31
"She’s Gone, Dance On",Disclosure,"She’s Gone, Dance On",2024-05-29,29I9dv9Nq704w0Oc5yFGsR,https://i.scdn.co/image/ab67616d0000b2730b6d4c43fe3e8485148e4872,Mint,4,2024-05-31
Without You (with HAYLA),"Kygo, HAYLA",Without You (with HAYLA),2024-05-31,5KW4qNLjWeh7rMbxCfg89N,https://i.scdn.co/image/ab67616d0000b27395e0464da2c2a21ed2ee8283,Mint,5,2024-05-31
Viva tu,Manu Chao,Viva tu,2024-05-29,5bTIYle84tcBo14n4fWSTb,https://i.scdn.co/image/ab67616d0000b273bee9a387cd01679211767fb7,LatinDinner,19,2024-05-31
Touching The Sky,Rauw Alejandro,Touching The Sky,2024-05-23,2SaRD7OpQ2A9ZeCOntar0g,https://i.scdn.co/image/ab67616d0000b273a84c3220180690ea84f392aa,VivaLatino,4,2024-05-31
Maquillaje - Remix,"Renn, Myke Towers, Nio Garcia, Yexel",Maquillaje (feat. Yexel) [Remix],2024-05-30,1eMXh9WqMtnmeyZnig2NUA,https://i.scdn.co/image/ab67616d0000b273ec0e7f8b2d1bb8a194f644cc,VivaLatino,6,2024-05-31
Despídase bien,Carin Leon,"Boca Chueca, Vol. 1",2024-05-30,1llaUCfG1g5WzKt6JafYyk,https://i.scdn.co/image/ab67616d0000b273b28b55cc0ac0ad1131ece780,VivaLatino,10,2024-05-31
SI NO ES CONTIGO,Cris Mj,SI NO ES CONTIGO,2024-05-23,5Uptvz6j1sjDKxidAcnH2L,https://i.scdn.co/image/ab67616d0000b27327cef9ad8cfccf2c535d4c7a,VivaLatino,12,2024-05-31
REAL GANGSTA LOVE,Trueno,EL ÚLTIMO BAILE,2024-05-23,1pymWRCuZfCd0zdiBJo0Hj,https://i.scdn.co/image/ab67616d0000b27368a450f7bcdc187e20f0ba0a,VivaLatino,15,2024-05-31
Torai,Grupo Marca Registrada,THE GOAT,2024-05-31,3pqEJlyY1HOdYIq5GHB4bp,https://i.scdn.co/image/ab67616d0000b273faae724e37331e286bface2a,VivaLatino,17,2024-05-31
Perdonarte ¿Para Qué?,"Los Ángeles Azules, Emilia",Perdonarte ¿Para Qué?,2024-05-23,5djlc1fMHiFsSpsQQtopLy,https://i.scdn.co/image/ab67616d0000b27334ec54d25504098256837cd4,VivaLatino,23,2024-05-31
Sin Yolanda,"Gabito Ballesteros, Peso Pluma",THE GB,2024-05-23,21NvSNOb9eqlRwFeqreHmM,https://i.scdn.co/image/ab67616d0000b27346c5c2f89c37fc6809249316,VivaLatino,27,2024-05-31
Top 10 staTues tHat CriEd bloOd,Bring Me The Horizon,POST HUMAN: NeX GEn,2024-05-24,7g4hIeYVk3h5qQXb9RLeXP,https://i.scdn.co/image/ab67616d0000b273e00a0b0e1c3ecb926603ec43,RockThis,2,2024-05-31
Next Semester,Twenty One Pilots,Clancy,2024-05-24,1BANPzYIhCQkJ1ZFq2Fb0O,https://i.scdn.co/image/ab67616d0000b2739cf15c7323fb85b7112197d5,RockThis,4,2024-05-31
Sorry,Bad Nerves,Still Nervous,2024-05-31,5qaCnFvjHw3P4qL02pFSlR,https://i.scdn.co/image/ab67616d0000b2739ffce4968d9027f7be68116c,RockThis,28,2024-05-31
Nice to Meet You,Imagine Dragons,Nice to Meet You,2024-05-24,7sxb5C2mE0l5xfSL9M2hxQ,https://i.scdn.co/image/ab67616d0000b2731d060976af0e642e97db3b2b,ItsAllGood,19,2024-05-31
Oldies Station,Twenty One Pilots,Clancy,2024-05-24,7dI0mSvbdJTynUnEkWIom1,https://i.scdn.co/image/ab67616d0000b2739cf15c7323fb85b7112197d5,ItsAllGood,25,2024-05-31
Multiply,Becky Hill,Multiply,2024-05-29,0d8qNWRwQafcOXAyw6FxiB,https://i.scdn.co/image/ab67616d0000b273dcb9b722704b7cd02de0b767,JustHits,3,2024-05-31
Ask & You Shall Receive,Rita Ora,Ask & You Shall Receive,2024-05-31,4zB5pU3cwGiC6Fcz5qtfUe,https://i.scdn.co/image/ab67616d0000b27338422d96956475fcefa864bb,JustHits,8,2024-05-31
OMG,Leigh-Anne,No Hard Feelings,2024-05-31,5EfJsHmAPhnzQB4L6wz5FT,https://i.scdn.co/image/ab67616d0000b273cfd4f7f6af1b92917304213d,JustHits,9,2024-05-31
True Colours,"Becky Hill, Self Esteem",True Colours,2024-05-24,4S6rRqfYzIJ4nL2bV8ktS9,https://i.scdn.co/image/ab67616d0000b2735e6557a21c206ee6e3e5db6a,JustHits,21,2024-05-31
BAND4BAND (feat. Lil Baby),"Central Cee, Lil Baby",BAND4BAND (feat. Lil Baby),2024-05-23,7iabz12vAuVQYyekFIWJxD,https://i.scdn.co/image/ab67616d0000b2737b588bf0555bde606f8b27c7,BigOnTheInternet,11,2024-05-31
Better Together,"Waxx, Aliocha Schneider",Étincelle,2024-05-24,3qObcFmsVgBYlPBC0PEKuI,https://i.scdn.co/image/ab67616d0000b273fa2e1cc6da0b7665f50973f9,CafeCroissant,4,2024-05-24
Airplane Window,Peach Tree Rascals,Airplane Window,2024-05-24,1d6sisPRhkmyqqZydPUIwy,https://i.scdn.co/image/ab67616d0000b273ee94201766adc781acb0bdc7,CafeCroissant,10,2024-05-24
Black Lion Lane,Emilíana Torrini,Black Lion Lane,2024-05-24,3QTQRHqSTHk8fXMHhHHNFa,https://i.scdn.co/image/ab67616d0000b27370888b916faa870bb7e42812,CafeCroissant,15,2024-05-24
Nice to Meet You,Imagine Dragons,Nice to Meet You,2024-05-24,7sxb5C2mE0l5xfSL9M2hxQ,https://i.scdn.co/image/ab67616d0000b2731d060976af0e642e97db3b2b,FutursHits,8,2024-05-24
Push,"Skrillex, Hamdi, TAICHU, Contra, OFFAIAH",Push,2024-05-24,29OFLlrrfKIEVwbVMTjBYe,https://i.scdn.co/image/ab67616d0000b27310bc90dfaa9bf82637a34a71,Mint,2,2024-05-24
Touching The Sky,Rauw Alejandro,Touching The Sky,2024-05-23,2SaRD7OpQ2A9ZeCOntar0g,https://i.scdn.co/image/ab67616d0000b273a84c3220180690ea84f392aa,VivaLatino,1,2024-05-24
Sin Yolanda,"Gabito Ballesteros, Peso Pluma",THE GB,2024-05-23,21NvSNOb9eqlRwFeqreHmM,https://i.scdn.co/image/ab67616d0000b27346c5c2f89c37fc6809249316,VivaLatino,12,2024-05-24
PULL UP!,Trueno,EL ÚLTIMO BAILE,2024-05-23,6FFuIWkavxpcwxeyZRgXuJ,https://i.scdn.co/image/ab67616d0000b27368a450f7bcdc187e20f0ba0a,VivaLatino,17,2024-05-24
Next Semester,Twenty One Pilots,Clancy,2024-05-24,1BANPzYIhCQkJ1ZFq2Fb0O,https://i.scdn.co/image/ab67616d0000b2739cf15c7323fb85b7112197d5,RockThis,2,2024-05-24
Top 10 staTues tHat CriEd bloOd,Bring Me The Horizon,POST HUMAN: NeX GEn,2024-05-24,7g4hIeYVk3h5qQXb9RLeXP,https://i.scdn.co/image/ab67616d0000b273e00a0b0e1c3ecb926603ec43,RockThis,4,2024-05-24
One Of The Pack,Softcult,Heaven,2024-05-24,79QWntL6utGA8UWExmcmCn,https://i.scdn.co/image/ab67616d0000b2734baae6840ca4c60486089332,RockThis,22,2024-05-24
True Colours,"Becky Hill, Self Esteem",True Colours,2024-05-24,4S6rRqfYzIJ4nL2bV8ktS9,https://i.scdn.co/image/ab67616d0000b2735e6557a21c206ee6e3e5db6a,JustHits,20,2024-05-24
